Армянск;Автономная Республика Крым
Белогорск;Автономная Республика Крым
Бахчисарай;Автономная Республика Крым
Аграрный;Автономная Республика Крым
Алупка;Автономная Республика Крым
Видрадное;Автономная Республика Крым
Азовское;Автономная Республика Крым
Аэрофлотский;Автономная Республика Крым
Бачерово;Автономная Республика Крым
Алушта;Автономная Республика Крым
Виноградное;Автономная Республика Крым
Гаспра;Автономная Республика Крым
Гресовский;Автономная Республика Крым
Голубая Затока;Автономная Республика Крым
Джанкой;Автономная Республика Крым
Гурзуф;Автономная Республика Крым
Евпатория;Автономная Республика Крым
Заозерное;Автономная Республика Крым
Зуя;Автономная Республика Крым
Катцивели;Автономная Республика Крым
Керчь;Автономная Республика Крым
Кировское;Автономная Республика Крым
Коктебель;Автономная Республика Крым
Кореиз;Автономная Республика Крым
Красногвардейск;Автономная Республика Крым
Краснокаменка;Автономная Республика Крым
Красноперекопск;Автономная Республика Крым
Куйбышево;Автономная Республика Крым
Курпаты;Автономная Республика Крым
Ленино;Автономная Республика Крым
Ливадия;Автономная Республика Крым
Массандра;Автономная Республика Крым
Молодежное;Автономная Республика Крым
Нижнегорский;Автономная Республика Крым
Новоозерное;Автономная Республика Крым
Николаевка;Автономная Республика Крым
Новоселовское;Автономная Республика Крым
Новый Свет;Автономная Республика Крым
Олива;Автономная Республика Крым
Орджоникидзе;Автономная Республика Крым
Саки;Автономная Республика Крым
Санаторное;Автономная Республика Крым
Симеиз;Автономная Республика Крым
Симферополь;Автономная Республика Крым
Советский;Автономная Республика Крым
Советское;Автономная Республика Крым
Старый Крым;Автономная Республика Крым
Судак;Автономная Республика Крым
Феодосия;Автономная Республика Крым
Филатовка;Автономная Республика Крым
Форос;Автономная Республика Крым
Фрунзенское;Автономная Республика Крым
Черноморское;Автономная Республика Крым
Ореанда;Автономная Республика Крым
Щебетовка;Автономная Республика Крым
Партенит;Автономная Республика Крым
Первомайское;Автономная Республика Крым
Планерское;Автономная Республика Крым
Понизовка;Автономная Республика Крым
Почтовое;Автономная Республика Крым
Приморский;Автономная Республика Крым
Раздольное;Автономная Республика Крым
Щелкино;Автономная Республика Крым
Ялта;Автономная Республика Крым
Бар;Винницкая область
Бершадь;Винницкая область
Браилов;Винницкая область
Брацлав;Винницкая область
Вапнярка;Винницкая область
Вендичаны;Винницкая область
Винница;Винницкая область
Парковое;Автономная Республика Крым
Копайгород;Винницкая область
Вороновица;Винницкая область
Гайсин;Винницкая область
Крыжополь;Винницкая область
Гнивань;Винницкая область
Дашев;Винницкая область
Жмеринка;Винницкая область
Ильинцы;Винницкая область
Казатин;Винницкая область
Калиновка;Винницкая область
Ладыжин;Винницкая область
Липовец;Винницкая область
Могилев Подольский;Винницкая область
Мурованные Куриловцы;Винницкая область
Немиров;Винницкая область
Оратов;Винницкая область
Песчанка;Винницкая область
Погребище;Винницкая область
Рудница;Винницкая область
Стрижавка;Винницкая область
Литин;Винницкая область
Черневцы;Винницкая область
Сутыски;Винницкая область
Теплик;Винницкая область
Томашполь;Винницкая область
Тростянец;Винницкая область
Тульчин;Винницкая область
Турбов;Винницкая область
Тывров;Винницкая область
Хмельник;Винницкая область
Чечельник;Винницкая область
Шаргород;Винницкая область
Ямполь;Винницкая область
Владимир Волынский;Волынская область
Горохов;Волынская область
Иваничи;Волынская область
Камень Каширский;Волынская область
Киверцы;Волынская область
Ковель;Волынская область
Локачи;Волынская область
Любешов;Волынская область
Луцк;Волынская область
Любомль;Волынская область
Маневичи;Волынская область
Нововолынск;Волынская область
Ратное;Волынская область
Рожище;Волынская область
Старая Выжевка;Волынская область
Турийск;Волынская область
Цумань;Волынская область
Шацк;Волынская область
Васильковка;Днепропетровская область
Верхнеднепровск;Днепропетровская область
Апостолово;Днепропетровская область
Вольногорск;Днепропетровская область
Днепродзержинск;Днепропетровская область
Днепропетровск;Днепропетровская область
Зеленодольск;Днепропетровская область
Кривой Рог;Днепропетровская область
Кринички;Днепропетровская область
Кирсановка;Винницкая область
Петриковка;Днепропетровская область
Петропавловка;Днепропетровская область
Покровское;Днепропетровская область
Пятихатки;Днепропетровская область
Желтые Воды;Днепропетровская область
Синельниково;Днепропетровская область
Магдалиновка;Днепропетровская область
Межевая;Днепропетровская область
Марганец;Днепропетровская область
Никополь;Днепропетровская область
Новомосковск;Днепропетровская область
Соленое;Днепропетровская область
Орджоникидзе;Днепропетровская область
Софиевка;Днепропетровская область
Першотравенск;Днепропетровская область
Павлоград;Днепропетровская область
Терновка;Днепропетровская область
Царичанка;Днепропетровская область
Томаковка;Днепропетровская область
Широкое;Днепропетровская область
Юрьевка;Днепропетровская область
Александровка;Донецкая область
Амвросиевка;Донецкая область
Артемовск;Донецкая область
Белозерское;Донецкая область
Великая Новоселка;Донецкая область
Волноваха;Донецкая область
Володарское;Донецкая область
Гирник;Донецкая область
Гирницкое;Донецкая область
Горловка;Донецкая область
Дебальцево;Донецкая область
Дзержинск;Донецкая область
Доброполье;Донецкая область
Докучаевск;Донецкая область
Донецк;Донецкая область
Дружковка;Донецкая область
Енакиево;Донецкая область
Золотаревка;Донецкая область
Кировское;Донецкая область
Комсомольское;Донецкая область
Константиновка;Донецкая область
Краматорск;Донецкая область
Святогорск;Донецкая область
Селидово;Донецкая область
Славянск;Донецкая область
Снежное;Донецкая область
Старобешево;Донецкая область
Тельманово;Донецкая область
Торез;Донецкая область
Углегорск;Донецкая область
Угледар;Донецкая область
Харцызск;Донецкая область
Шахтерск;Донецкая область
Ялта;Донецкая область
Ясиноватая;Донецкая область
Андрушевка;Житомирская область
Барановка;Житомирская область
Белая Крыница;Житомирская область
Бердичев;Житомирская область
Броницка;Житомирская область
Брусилов;Житомирская область
Быковка;Житомирская область
Великие Коровицы;Житомирская область
Володарск Волынский;Житомирская область
Головино;Житомирская область
Городница;Житомирская область
Гришковицы;Житомирская область
Гуиба;Житомирская область
Довбыш;Житомирская область
Дружба;Житомирская область
Красноармейск;Донецкая область
Красный Лиман;Донецкая область
Макеевка;Донецкая область
Мангуш;Донецкая область
Мариуполь;Донецкая область
Марьинка;Донецкая область
Новоазовск;Донецкая область
Новый Свет;Донецкая область
Емильчино;Житомирская область
Житомир;Житомирская область
Иванополь;Житомирская область
Иршанск;Житомирская область
Марьяновка;Житомирская область
Мирополь;Житомирская область
Народичи;Житомирская область
Новая Боровая;Житомирская область
Новоград Волынский;Житомирская область
Новогуйвенское;Житомирская область
Новоозерянка;Житомирская область
Новые Белокоровичи;Житомирская область
Овруч;Житомирская область
Олевск;Житомирская область
Першотравенск;Житомирская область
Першотравневое;Житомирская область
Полянка;Житомирская область
Попельня;Житомирская область
Радомышль;Житомирская область
Романов;Житомирская область
Ружин;Житомирская область
Червоноармейск;Житомирская область
Червоное;Житомирская область
Черняхов;Житомирская область
Чоповица;Житомирская область
Чуднов;Житомирская область
Яблунец;Житомирская область
Берегово;Закарпатская область
Великий Березный;Закарпатская область
Виноградов;Закарпатская область
Воловец;Закарпатская область
Жденево;Закарпатская область
Иршава;Закарпатская область
Межгорье;Закарпатская область
Мукачево;Закарпатская область
Перечин;Закарпатская область
Рахов;Закарпатская область
Свалява;Закарпатская область
Тячев;Закарпатская область
Ужгород;Закарпатская область
Хуст;Закарпатская область
Чоп;Закарпатская область
Акимовка;Запорожская область
Андреевка;Запорожская область
Балабыны;Запорожская область
Бердянск;Запорожская область
Васильевка;Запорожская область
Великая Белозерка;Запорожская область
Веселое;Запорожская область
Вольнянск;Запорожская область
Гуляйполе;Запорожская область
Днепрорудное;Запорожская область
Залижичное;Запорожская область
Запорожье;Запорожская область
Камыш Заря;Запорожская область
Камышуваха;Запорожская область
Кириловка;Запорожская область
Корнин;Житомирская область
Коростень;Житомирская область
Коса;Запорожская область
Коростышев;Житомирская область
Лугины;Житомирская область
Любар;Житомирская область
Малин;Житомирская область
Куйбышево;Запорожская область
Кушухум;Запорожская область
Каменка Днепровская;Запорожская область
Малокатериновка;Запорожская область
Мелитополь;Запорожская область
Михайловка;Запорожская область
Новониколаевка;Запорожская область
Орехов;Запорожская область
Пологи;Запорожская область
Приазовское;Запорожская область
Приморск;Запорожская область
Пришиб;Запорожская область
Розовка;Запорожская область
Терноватое;Запорожская область
Токмак;Запорожская область
Энергодар;Запорожская область
Болехов;Ивано-Франковская область
Бурштын;Ивано-Франковская область
Черниговка;Запорожская область
Верховина;Ивано-Франковская область
Галич;Ивано-Франковская область
Долина;Ивано-Франковская область
Ивано-Франковск;Ивано-Франковская область
Калуш;Ивано-Франковская область
Коломыя;Ивано-Франковская область
Косов;Ивано-Франковская область
Надворная;Ивано-Франковская область
Рогатин;Ивано-Франковская область
Рожнятов;Ивано-Франковская область
Снятин;Ивано-Франковская область
Тлумач;Ивано-Франковская область
Богородчаны;Ивано-Франковская область
Борисполь;Киевская область
Боровая;Киевская область
Бородянка;Киевская область
Боярка;Киевская область
Бровары;Киевская область
Буча;Киевская область
Васильков;Киевская область
Вишневое;Киевская область
Володарка;Киевская область
Ворзел;Киевская область
Вышгород;Киевская область
Гостомел;Киевская область
Городенка;Ивано-Франковская область
Згуровка;Киевская область
Дымер;Киевская область
Иванков;Киевская область
Изын;Киевская область
Кагарлык;Киевская область
Ирпень;Киевская область
Калита;Киевская область
Киев;Киевская область
Клавдиево-Тарасов;Киевская область
Козын;Киевская область
Коцюбинское;Киевская область
Красятичи;Киевская область
Макаров;Киевская область
Мироновка;Киевская область
Немешаево;Киевская область
Обухов;Киевская область
Переслав Хмельницкий;Киевская область
Полевское;Киевская область
Ракитное;Киевская область
Ржищев;Киевская область
Сквира;Киевская область
Славутич;Киевская область
Ставище;Киевская область
Песковка;Киевская область
Тараща;Киевская область
Тетиев;Киевская область
Украинка;Киевская область
Фастов;Киевская область
Яготин;Киевская область
Александрия;Кировоградская область
Александровка;Кировоградская область
Тысменица;Ивано-Франковская область
Яремча;Ивано-Франковская область
Барышевка;Киевская область
Белая Церковь;Киевская область
Березань;Киевская область
Чернобыль;Киевская область
Бобринец;Кировоградская область
Гайворон;Кировоградская область
Добровеличкова;Кировоградская область
Новомиргород;Кировоградская область
Богуслав;Киевская область
Новоукраинка;Кировоградская область
Ольшанка;Кировоградская область
Голованевск;Кировоградская область
Онуфриевка;Кировоградская область
Светловодск;Кировоградская область
Петрово;Кировоградская область
Ульяновка;Кировоградская область
Устиновка;Кировоградская область
Алчевск;Луганская область
Антрацит;Луганская область
Беловодск;Луганская область
Белокуракино;Луганская область
Зимогория;Луганская область
Брянка;Луганская область
Кировск;Луганская область
Красный Луч;Луганская область
Краснодон;Луганская область
Кременная;Луганская область
Лисичанск;Луганская область
Луганск;Луганская область
Лутугино;Луганская область
Марковка;Луганская область
Меловое;Луганская область
Новоайдар;Луганская область
Новопсков;Луганская область
Первомайск;Луганская область
Перевальск;Луганская область
Попасная;Луганская область
Ровеньки;Луганская область
Рубежное;Луганская область
Сватово;Луганская область
Свердловск;Луганская область
Северодонецк;Луганская область
Славяносербск;Луганская область
Станично-Луганское;Луганская область
Старобельск;Луганская область
Долинская;Кировоградская область
Знаменка;Кировоградская область
Кировоград;Кировоградская область
Компанеевка;Кировоградская область
Малая Виска;Кировоградская область
Стаханов;Луганская область
Троицкое;Луганская область
Новгородка;Кировоградская область
Новоархангельское;Кировоградская область
Бобрка;Львовская область
Борислав;Львовская область
Броды;Львовская область
Буск;Львовская область
Великий Люблин;Львовская область
Гирник;Львовская область
Дрогобыч;Львовская область
Дашава;Львовская область
Городок;Львовская область
Жвырка;Львовская область
Жидачов;Львовская область
Жовква;Львовская область
Комарно;Львовская область
Львов;Львовская область
Моршин;Львовская область
Мостиска;Львовская область
Немиров;Львовская область
Николаев;Львовская область
Новояворовск;Львовская область
Новый Роздол;Львовская область
Перемышляны;Львовская область
Пустомыты;Львовская область
Рава-Русская;Львовская область
Радехов;Львовская область
Роздол;Львовская область
Самбор;Львовская область
Сколе;Львовская область
Славск;Львовская область
Сокаль;Львовская область
Старый Самбор;Львовская область
Стрый;Львовская область
Трускавец;Львовская область
Золочев;Львовская область
Каменка Бугская;Львовская область
Братское;Николаевская область
Варваровка;Николаевская область
Веселиново;Николаевская область
Вознесенск;Николаевская область
Турка;Львовская область
Червоноград;Львовская область
Шкло;Львовская область
Яворов;Львовская область
Врадиевка;Николаевская область
Доманевка;Николаевская область
Арбузинка;Николаевская область
Баштанка;Николаевская область
Березанка;Николаевская область
Еланец;Николаевская область
Березнеговатое;Николаевская область
Казанка;Николаевская область
Кривое Озеро;Николаевская область
Ананьев;Одесская область
Южноукраинск;Николаевская область
Арциз;Одесская область
Жовтневый;Николаевская область
Балта;Одесская область
Беляевка;Одесская область
Белгород-Днестровский;Одесская область
Березовка;Одесская область
Болград;Одесская область
Великая Михайловка;Одесская область
Жовтень;Одесская область
Ивановка;Одесская область
Измаил;Одесская область
Ильичевск;Одесская область
Килия;Одесская область
Кодыма;Одесская область
Коминтерновское;Одесская область
Котовск;Одесская область
Красные Окны;Одесская область
Любашевка;Одесская область
Николаевка;Одесская область
Овидиополь;Одесская область
Одесса;Одесская область
Раздельная;Одесская область
Рени;Одесская область
Саврань;Одесская область
Сарата;Одесская область
Тарутино;Одесская область
Татарбунары;Одесская область
Теплодар;Одесская область
Фрунзовка;Одесская область
Ширяево;Одесская область
Южное;Одесская область
Великая Бахачка;Полтавская область
Гадяч;Полтавская область
Глобино;Полтавская область
Гребенка;Полтавская область
Диканька;Полтавская область
Зеньков;Полтавская область
Карловка;Полтавская область
Кобеляки;Полтавская область
Козельщина;Полтавская область
Комсомольск;Полтавская область
Котельва;Полтавская область
Лохвица;Полтавская область
Кременчуг;Полтавская область
Лубны;Полтавская область
Машевка;Полтавская область
Миргород;Полтавская область
Новые Санжары;Полтавская область
Оржица;Полтавская область
Пирятин;Полтавская область
Полтава;Полтавская область
Решетиловка;Полтавская область
Семеновка;Полтавская область
Новая Одесса;Николаевская область
Николаев;Николаевская область
Хорол;Полтавская область
Новый Буг;Николаевская область
Очаков;Николаевская область
Первомайск;Николаевская область
Снигиревка;Николаевская область
Червонозаводское;Полтавская область
Чернухи;Полтавская область
Чутово;Полтавская область
Шишаки;Полтавская область
Березно;Ровненская область
Владимирец;Ровненская область
Гоща;Ровненская область
Демидовка;Ровненская область
Дубно;Ровненская область
Дубровица;Ровненская область
Заречное;Ровненская область
Здолбунов;Ровненская область
Корец;Ровненская область
Костополь;Ровненская область
Кузнецовск;Ровненская область
Млинов;Ровненская область
Острог;Ровненская область
Радзивилов;Ровненская область
Ровно;Ровненская область
Рокитное;Ровненская область
Белокаменск;Севастополь
Сарны;Ровненская область
Кача;Севастополь
Севастополь;Севастополь
Белополье;Сумская область
Ахтырка;Сумская область
Бурынь;Сумская область
Великая Писаревка;Сумская область
Глухов;Сумская область
Дружба;Сумская область
Дубовязка;Сумская область
Краснополье;Сумская область
Конотоп;Сумская область
Кролевец;Сумская область
Лебедин;Сумская область
Липовая Долина;Сумская область
Недригайлов;Сумская область
Низы;Сумская область
Путивль;Сумская область
Ромны;Сумская область
Середина Буда;Сумская область
Сумы;Сумская область
Тростянец;Сумская область
Хотень;Сумская область
Шостка;Сумская область
Ямполь;Сумская область
Бережаны;Тернопольская область
Борщев;Тернопольская область
Бучач;Тернопольская область
Великие Бирки;Тернопольская область
Великие Дедеркалы;Тернопольская область
Великий Хлыбачок;Тернопольская область
Вышневец;Тернопольская область
Гримайлов;Тернопольская область
Залещики;Тернопольская область
Гусятин;Тернопольская область
Збараж;Тернопольская область
Зборов;Тернопольская область
Золотники;Тернопольская область
Золожцы;Тернопольская область
Золотой Потик;Тернопольская область
Козлив;Тернопольская область
Козова;Тернопольская область
Копыченцы;Тернопольская область
Коропец;Тернопольская область
Коростков;Тернопольская область
Кременец;Тернопольская область
Лановцы;Тернопольская область
Мельница Подольская;Тернопольская область
Монастыриска;Тернопольская область
Новое Село;Тернопольская область
Подгайцы;Тернопольская область
Подволочинск;Тернопольская область
Почаев;Тернопольская область
Скалат;Тернопольская область
Скала Подольская;Тернопольская область
Хрымалив;Тернопольская область
Чортков;Тернопольская область
Шумское;Тернопольская область
Балаклея;Харьковская область
Бабай;Харьковская область
Барвенково;Харьковская область
Хоросков;Тернопольская область
Безлюдовка;Харьковская область
Белый Колодец;Харьковская область
Березовка;Харьковская область
Никулинцы;Тернопольская область
Теребовля;Тернопольская область
Тернополь;Тернопольская область
Вилшаны;Харьковская область
Вовчанск;Харьковская область
Высокий;Харьковская область
Гуты;Харьковская область
Двуречная;Харьковская область
Дергачи;Харьковская область
Есхар;Харьковская область
Зачепиловка;Харьковская область
Змиев;Харьковская область
Золочев;Харьковская область
Зотки;Харьковская область
Изюм;Харьковская область
Казачья Лопань;Харьковская область
Кегичевка;Харьковская область
Килиничи;Харьковская область
Ковшаровка;Харьковская область
Ковяхи;Харьковская область
Козачья Логань;Харьковская область
Коломак;Харьковская область
Комсомольское;Харьковская область
Коротечь;Харьковская область
Кочеток;Харьковская область
Красноград;Харьковская область
Краснокутск;Харьковская область
Краснопавловка;Харьковская область
Близнюки;Харьковская область
Богодухов;Харьковская область
Боровая;Харьковская область
Кулиничи;Харьковская область
Буды;Харьковская область
Купянск;Харьковская область
Валки;Харьковская область
Васищево;Харьковская область
Введенка;Харьковская область
Лиман;Харьковская область
Великий Бурлук;Харьковская область
Люботин;Харьковская область
Малая Даниловка;Харьковская область
Малиновка;Харьковская область
Пересична;Харьковская область
Песочин;Харьковская область
Лозовая;Харьковская область
Печенеги;Харьковская область
Полева;Харьковская область
Приколотное;Харьковская область
Прудянка;Харьковская область
Покотиловка;Харьковская область
Роган;Харьковская область
Савинцы;Харьковская область
Сахновщина;Харьковская область
Слатина;Харьковская область
Солоницовка;Харьковская область
Старый Мерчик;Харьковская область
Старый Салтов;Харьковская область
Утковка;Харьковская область
Хорошово;Харьковская область
Чапаево;Харьковская область
Харьков;Харьковская область
Черкаска Лозова;Харьковская область
Чкаловское;Харьковская область
Чугуев;Харьковская область
Шевченково;Харьковская область
Аскания-Нова;Херсонская область
Белозерка;Херсонская область
Великая Александровка;Херсонская область
Берислав;Херсонская область
Великая Лепетиха;Херсонская область
Верхний Рогачик;Херсонская область
Высокополье;Херсонская область
Геническ;Херсонская область
Голая Пристань;Херсонская область
Горностаевка;Херсонская область
Ивановка;Херсонская область
Каланчак;Херсонская область
Каховка;Херсонская область
Манченки;Харьковская область
Мерефа;Харьковская область
Новая Водолага;Харьковская область
Новопокровка;Харьковская область
Панютино;Харьковская область
Певденне;Харьковская область
Первомайский;Харьковская область
Лазурное;Херсонская область
Нижние Серогозы;Херсонская область
Новая Каховка;Херсонская область
Нововоронцовка;Херсонская область
Новотроицкое;Херсонская область
Херсон;Херсонская область
Скадовск;Херсонская область
Цюрупинск;Херсонская область
Чаплынка;Херсонская область
Чолкино;Херсонская область
Белогорье;Хмельницкая область
Виньковцы;Хмельницкая область
Волочиск;Хмельницкая область
Городок;Хмельницкая область
Деражня;Хмельницкая область
Красилов;Хмельницкая область
Летичев;Хмельницкая область
Нетешин;Хмельницкая область
Новая Ушица;Хмельницкая область
Полонное;Хмельницкая область
Славута;Хмельницкая область
Старая Синява;Хмельницкая область
Староконстантинов;Хмельницкая область
Теофиполь;Хмельницкая область
Хмельницкий;Хмельницкая область
Чемеровцы;Хмельницкая область
Шепетовка;Хмельницкая область
Ямполь;Хмельницкая область
Ярмолинцы;Хмельницкая область
Городище;Черкасская область
Драбов;Черкасская область
Жашков;Черкасская область
Звенигородка;Черкасская область
Золотоноша;Черкасская область
Каменка;Черкасская область
Дунаевцы;Хмельницкая область
Изяслав;Хмельницкая область
Каменец Подольский;Хмельницкая область
Тальное;Черкасская область
Христиновка;Черкасская область
Черкассы;Черкасская область
Чернобай;Черкасская область
Умань;Черкасская область
Катеринополь;Черкасская область
Шпола;Черкасская область
Чигирин;Черкасская область
Канев;Черкасская область
Корсунь-Шевченковский;Черкасская область
Монастырище;Черкасская область
Смела;Черкасская область
Маньковка;Черкасская область
Батурин;Черниговская область
Лисянка;Черкасская область
Бахмач;Черниговская область
Бобровица;Черниговская область
Дмитровка;Черниговская область
Ичня;Черниговская область
Козелец;Черниговская область
Короп;Черниговская область
Корюковка;Черниговская область
Куликовка;Черниговская область
Мена;Черниговская область
Нежин;Черниговская область
Новгород Северский;Черниговская область
Носовка;Черниговская область
Остер;Черниговская область
Прилуки;Черниговская область
Репки;Черниговская область
Семеновка;Черниговская область
Сосница;Черниговская область
Сребное;Черниговская область
Талалаевка;Черниговская область
Чернигов;Черниговская область
Щорс;Черниговская область
Вижница;Черновицкая область
Борзна;Черниговская область
Варва;Черниговская область
Городня;Черниговская область
Путила;Черновицкая область
Сокиряны;Черновицкая область
Сторожинец;Черновицкая область
Хотин;Черновицкая область
Черновцы;Черновицкая область
Герца;Черновицкая область
Глыбокая;Черновицкая область
Заставна;Черновицкая область
Кельменцы;Черновицкая область
Кицмань;Черновицкая область
Новоднестровск;Черновицкая область
Новоселица;Черновицкая область